PassengerId,Survived,Pclass,Sex,Age,SibSp,Parch,Fare,Embarked_Q,Embarked_S,Title_Miss,Title_Mr,Title_Mrs,Title_Rare
1,0,3,0,-0.5657364610748746,1,0,-0.5024451714361923,False,True,False,True,False,False
3,1,3,1,-0.2583370877897099,0,0,-0.4888542575852486,False,True,True,False,False,False
4,1,1,1,0.4333115021019107,1,0,0.4207302360686478,False,True,False,False,True,False
5,0,3,0,0.4333115021019107,0,0,-0.4863374216869257,False,True,False,True,False,False
6,0,3,0,-0.10463740114712752,0,0,-0.47811642890864375,True,False,False,True,False,False
7,0,1,0,1.893458525206443,0,0,0.395813560675251,False,True,False,True,False,False
9,1,3,1,-0.1814872444684187,0,2,-0.4242561406845337,False,True,False,False,True,False
10,1,2,1,-1.180535207645204,1,0,-0.04295550208861426,False,False,False,False,True,False
11,1,3,1,-1.949033640858116,1,1,-0.312172377522981,False,True,True,False,False,False
13,0,3,0,-0.719436147717457,0,0,-0.4863374216869257,False,True,False,True,False,False
14,0,3,0,0.7407108753870755,1,5,-0.01870931177853076,False,True,False,True,False,False
15,0,3,1,-1.180535207645204,0,0,-0.4902797934380587,False,True,True,False,False,False
18,1,2,0,-0.10463740114712752,0,0,-0.3866707201133388,False,True,False,True,False,False
19,0,3,1,0.12591212881674602,1,0,-0.2859972841804228,False,True,False,False,True,False
20,1,3,1,-0.10463740114712752,0,0,-0.5029485386158568,False,False,False,False,True,False
21,0,2,0,0.4333115021019107,0,0,-0.12491978668775715,False,True,False,True,False,False
22,1,2,0,0.35646165878061953,0,0,-0.3866707201133388,False,True,False,True,False,False
23,1,3,1,-1.1036853643239128,0,0,-0.4867562231804066,True,False,True,False,False,False
24,1,1,0,-0.10463740114712752,0,0,0.06635974158478332,False,True,False,True,False,False
25,0,3,1,-1.6416342675729512,3,1,-0.22408312108167944,False,True,True,False,False,False
26,1,3,1,0.6638610320657843,1,5,-0.016444159470040135,False,True,False,False,True,False
27,0,3,0,-0.10463740114712752,0,0,-0.5029485386158568,False,False,False,True,False,False
29,1,3,1,-0.10463740114712752,0,0,-0.48977642625839407,True,False,True,False,False,False
30,0,3,0,-0.10463740114712752,0,0,-0.4894421904510968,False,True,False,True,False,False
31,0,1,0,0.8175607187083667,0,0,-0.09027201697708476,False,False,False,False,False,True
33,1,3,1,-0.10463740114712752,0,0,-0.49237782784290063,True,False,True,False,False,False
36,0,1,0,0.9712604053509489,1,0,0.39858208016340624,False,True,False,True,False,False
37,1,3,0,-0.10463740114712752,0,0,-0.5028639729296732,False,False,False,True,False,False
38,0,3,0,-0.6425863043961658,0,0,-0.4863374216869257,False,True,False,True,False,False
39,0,3,1,-0.8731358343600393,2,0,-0.2859972841804228,False,True,True,False,False,False
40,1,3,1,-1.180535207645204,1,0,-0.42207354059350805,False,False,True,False,False,False
41,0,3,1,0.8175607187083667,1,0,-0.4576454924460446,False,True,False,False,True,False
42,0,2,1,-0.1814872444684187,1,0,-0.22559322262067316,False,True,False,False,True,False
43,0,3,0,-0.10463740114712752,0,0,-0.4894421904510968,False,False,False,True,False,False
44,1,2,1,-2.025883484179407,1,2,0.18876253192945994,False,False,True,False,False,False
45,1,3,1,-0.7962859910387481,0,0,-0.48977642625839407,True,False,True,False,False,False
46,0,3,0,-0.10463740114712752,0,0,-0.4863374216869257,False,True,False,True,False,False
47,0,3,0,-0.10463740114712752,1,0,-0.3363340021468808,True,False,False,True,False,False
48,1,3,1,-0.10463740114712752,0,0,-0.49237782784290063,True,False,True,False,False,False
49,0,3,0,-0.10463740114712752,2,0,-0.21191774308354583,False,False,False,True,False,False
50,0,3,1,-0.8731358343600393,1,0,-0.29002422161773944,False,True,False,False,True,False
51,0,3,0,-1.7184841108942424,4,1,0.1506737441786005,False,True,False,False,False,False
52,0,3,0,-0.6425863043961658,0,0,-0.4913710934835715,False,True,False,True,False,False
54,1,2,1,-0.027787557825836348,1,0,-0.12491978668775715,False,True,False,False,True,False
56,1,1,0,-0.10463740114712752,0,0,0.06635974158478332,False,True,False,True,False,False
57,1,2,1,-0.6425863043961658,0,0,-0.43700743807979686,False,True,True,False,False,False
58,0,3,0,-0.06621247948648194,0,0,-0.5028639729296732,False,False,False,True,False,False
59,1,2,1,-1.8721837975368247,1,2,-0.08968408411123653,False,True,True,False,False,False
60,0,3,0,-1.4110847376090776,5,2,0.2958951755118318,False,True,False,False,False,False
61,0,3,0,-0.5657364610748746,0,0,-0.5028639729296732,False,False,False,True,False,False
64,0,3,0,-1.949033640858116,3,2,-0.08666388103324908,False,True,False,False,False,False
65,0,1,0,-0.10463740114712752,0,0,-0.09027201697708476,False,False,False,True,False,False
66,1,3,0,-0.10463740114712752,1,1,-0.3414522396297103,False,False,False,False,False,False
67,1,2,1,-0.027787557825836348,0,0,-0.43700743807979686,False,True,False,False,True,False
68,0,3,0,-0.7962859910387481,0,0,-0.4841568350646187,False,True,False,True,False,False
69,1,3,1,-0.9499856776813305,4,2,-0.4888542575852486,False,True,True,False,False,False
70,0,3,0,-0.2583370877897099,2,0,-0.47400492578514347,False,True,False,True,False,False
71,0,2,0,0.20276197213803718,0,0,-0.43700743807979686,False,True,False,True,False,False
72,0,3,1,-1.0268355210026217,5,2,0.2958951755118318,False,True,True,False,False,False
74,0,3,0,-0.2583370877897099,1,0,-0.3573908580066095,False,False,False,True,False,False
75,1,3,0,0.20276197213803718,0,0,0.48910360681684706,False,True,False,True,False,False
76,0,3,0,-0.33518693111100106,0,0,-0.494391296561559,False,True,False,True,False,False
77,0,3,0,-0.10463740114712752,0,0,-0.4894421904510968,False,True,False,True,False,False
78,0,3,0,-0.10463740114712752,0,0,-0.4863374216869257,False,True,False,True,False,False
80,1,3,1,0.04906228549545483,0,0,-0.397241430886295,False,True,True,False,False,False
81,0,3,0,-0.5657364610748746,0,0,-0.46720946885967163,False,True,False,True,False,False
82,1,3,0,-0.027787557825836348,0,0,-0.45714212526638004,False,True,False,True,False,False
83,1,3,1,-0.10463740114712752,0,0,-0.49162277707340374,True,False,True,False,False,False
84,0,1,0,-0.10463740114712752,0,0,0.29992211294914856,False,True,False,True,False,False
85,1,2,1,-0.9499856776813305,0,0,-0.43700743807979686,False,True,True,False,False,False
86,1,3,1,0.27961181545932834,3,0,-0.32928686163157667,False,True,False,False,True,False
87,0,3,0,-1.0268355210026217,1,3,0.04370821849987721,False,True,False,True,False,False
88,0,3,0,-0.10463740114712752,0,0,-0.4863374216869257,False,True,False,True,False,False
90,0,3,0,-0.41203677443229225,0,0,-0.4863374216869257,False,True,False,True,False,False
91,0,3,0,-0.027787557825836348,0,0,-0.4863374216869257,False,True,False,True,False,False
92,0,3,0,-0.719436147717457,0,0,-0.4902797934380587,False,True,False,True,False,False
93,0,1,0,1.2786597786361138,1,0,0.5833178351003071,False,True,False,True,False,False
94,0,3,0,-0.2583370877897099,1,2,-0.23415046467497105,False,True,False,True,False,False
96,0,3,0,-0.10463740114712752,0,0,-0.4863374216869257,False,True,False,True,False,False
99,1,2,1,0.35646165878061953,0,1,-0.18532384824750675,False,True,False,False,True,False
100,0,2,0,0.35646165878061953,1,0,-0.12491978668775715,False,True,False,True,False,False
101,0,3,1,-0.10463740114712752,0,0,-0.4894421904510968,False,True,True,False,False,False
102,0,3,0,-0.10463740114712752,0,0,-0.4894421904510968,False,True,False,True,False,False
104,0,3,0,0.27961181545932834,0,0,-0.4741720436887921,False,True,False,True,False,False
105,0,3,0,0.5870111887444931,2,0,-0.4888542575852486,False,True,False,True,False,False
106,0,3,0,-0.10463740114712752,0,0,-0.4894421904510968,False,True,False,True,False,False
107,1,3,1,-0.6425863043961658,0,0,-0.494391296561559,False,True,True,False,False,False
108,1,3,0,-0.10463740114712752,0,0,-0.4918744606632361,False,True,False,True,False,False
109,0,3,0,0.6638610320657843,0,0,-0.4894421904510968,False,True,False,True,False,False
110,1,3,1,-0.10463740114712752,1,0,-0.1621689579829361,True,False,True,False,False,False
111,0,1,0,1.3555096219574048,0,0,0.39858208016340624,False,True,False,True,False,False
112,0,3,1,-1.1421102859845584,1,0,-0.3573908580066095,False,False,True,False,False,False
113,0,3,0,-0.5657364610748746,0,0,-0.4863374216869257,False,True,False,True,False,False
114,0,3,1,-0.719436147717457,1,0,-0.4505983519307405,False,True,True,False,False,False
115,0,3,1,-0.9499856776813305,0,0,-0.3573083057891445,False,False,True,False,False,False
116,0,3,0,-0.6425863043961658,0,0,-0.4888542575852486,False,True,False,True,False,False
118,0,2,0,-0.027787557825836348,1,0,-0.22559322262067316,False,True,False,True,False,False
122,0,3,0,-0.10463740114712752,0,0,-0.4863374216869257,False,True,False,True,False,False
123,0,2,0,0.24118689379868277,1,0,-0.04295550208861426,False,False,False,True,False,False
124,1,2,1,0.24118689379868277,0,0,-0.3866707201133388,False,True,True,False,False,False
126,1,3,0,-1.3342348942877864,1,0,-0.42207354059350805,False,False,False,False,False,False
127,0,3,0,-0.10463740114712752,0,0,-0.49237782784290063,True,False,False,True,False,False
128,1,3,0,-0.41203677443229225,0,0,-0.5046257580584992,False,True,False,True,False,False
129,1,3,1,-0.10463740114712752,1,1,-0.19824427701513722,False,False,True,False,False,False
130,0,3,0,1.2018099353148226,0,0,-0.5079822104125026,False,True,False,True,False,False
131,0,3,0,0.27961181545932834,0,0,-0.4894421904510968,False,False,False,True,False,False
132,0,3,0,-0.719436147717457,0,0,-0.5064721088735089,False,True,False,True,False,False
133,0,3,1,1.3555096219574048,1,0,-0.35646868933346404,False,True,False,False,True,False
134,1,2,1,-0.027787557825836348,1,0,-0.12491978668775715,False,True,False,False,True,False
135,0,2,0,-0.33518693111100106,0,0,-0.3866707201133388,False,True,False,True,False,False
136,0,2,0,-0.48888661775358344,0,0,-0.3454791770670269,False,False,False,True,False,False
137,1,1,1,-0.7962859910387481,0,2,-0.11921562980779811,False,True,True,False,False,False
138,0,1,0,0.5870111887444931,1,0,0.4207302360686478,False,True,False,True,False,False
139,0,3,0,-1.0268355210026217,0,0,-0.4628462821463391,False,True,False,True,False,False
141,0,3,1,-0.10463740114712752,0,2,-0.3414522396297103,False,False,False,False,True,False
142,1,3,1,-0.5657364610748746,0,0,-0.49237782784290063,False,True,True,False,False,False
143,1,3,1,-0.41203677443229225,1,0,-0.32928686163157667,False,True,False,False,True,False
144,0,3,0,-0.7962859910387481,0,0,-0.5125125150294839,True,False,False,True,False,False
145,0,2,0,-0.8731358343600393,0,0,-0.41687275089321363,False,True,False,True,False,False
146,0,2,0,-0.7962859910387481,1,1,0.09152810056801232,False,True,False,True,False,False
147,1,3,0,-0.1814872444684187,0,0,-0.49145565916975514,False,True,False,True,False,False
148,0,3,1,-1.56478442425166,2,2,0.04370821849987721,False,True,True,False,False,False
149,0,2,0,0.5485862670838475,0,2,-0.12491978668775715,False,True,False,True,False,False
150,0,2,0,0.9712604053509489,0,0,-0.3866707201133388,False,True,False,False,False,True
151,0,2,0,1.6629089952425695,0,0,-0.39623469652696586,False,True,False,False,False,True
154,0,3,0,0.8559856403690123,0,2,-0.35646868933346404,False,True,False,True,False,False
155,0,3,0,-0.10463740114712752,0,0,-0.5011867534870308,False,True,False,True,False,False
156,0,1,0,1.6629089952425695,0,1,0.5874293382238074,False,False,False,True,False,False
157,1,3,1,-1.0268355210026217,0,0,-0.49271407711891657,True,False,True,False,False,False
158,0,3,0,0.04906228549545483,0,0,-0.4863374216869257,False,True,False,True,False,False
159,0,3,0,-0.10463740114712752,0,0,-0.47400492578514347,False,True,False,True,False,False
161,0,3,0,1.1249600919935314,0,1,-0.32425318983493084,False,True,False,True,False,False
162,1,2,1,0.8175607187083667,0,0,-0.331300330350235,False,True,False,False,True,False
163,0,3,0,-0.2583370877897099,0,0,-0.4918744606632361,False,True,False,True,False,False
164,0,3,0,-0.9499856776813305,0,0,-0.47400492578514347,False,True,False,True,False,False
166,1,3,0,-1.56478442425166,0,2,-0.2351571990343002,False,True,False,False,False,False
167,1,1,1,-0.10463740114712752,0,1,0.4589861417231558,False,True,False,False,True,False
168,0,3,1,1.2018099353148226,1,4,-0.08666388103324908,False,True,False,False,True,False
169,0,1,0,-0.10463740114712752,0,0,-0.12642988822675086,False,True,False,True,False,False
170,0,3,0,-0.10463740114712752,0,0,0.48910360681684706,False,True,False,True,False,False
172,0,3,0,-1.949033640858116,4,1,-0.06199888922968463,True,False,False,False,False,False
174,0,3,0,-0.6425863043961658,0,0,-0.4888542575852486,False,True,False,True,False,False
176,0,3,0,-0.8731358343600393,1,1,-0.4902797934380587,False,True,False,True,False,False
177,0,3,0,-0.10463740114712752,3,1,-0.13565761536436197,False,True,False,False,False,False
178,0,1,1,1.5860591519212783,0,0,-0.07030444769415023,False,False,True,False,False,False
179,0,2,0,0.04906228549545483,0,0,-0.3866707201133388,False,True,False,True,False,False
180,0,3,0,0.5101613454232019,0,0,-0.6484216535389205,False,True,False,True,False,False
182,0,2,0,-0.10463740114712752,0,0,-0.34539461138084326,False,False,False,True,False,False
183,0,3,0,-1.56478442425166,4,2,-0.016444159470040135,False,True,False,False,False,False
185,1,3,1,-1.949033640858116,0,2,-0.20495516825442542,False,True,True,False,False,False
186,0,1,0,-0.10463740114712752,0,0,0.3583127057902398,False,True,False,True,False,False
187,1,3,1,-0.10463740114712752,1,0,-0.3363340021468808,True,False,False,False,True,False
188,1,1,0,1.2018099353148226,0,0,-0.11384570873513637,False,True,False,True,False,False
189,0,3,0,0.8175607187083667,1,1,-0.3363340021468808,True,False,False,True,False,False
190,0,3,0,0.5101613454232019,0,0,-0.4894421904510968,False,True,False,True,False,False
191,1,2,1,0.20276197213803718,0,0,-0.3866707201133388,False,True,False,False,True,False
192,0,2,0,-0.7962859910387481,0,0,-0.3866707201133388,False,True,False,True,False,False
193,1,3,1,-0.7962859910387481,1,0,-0.4902797934380587,False,True,True,False,False,False
194,1,2,0,-2.025883484179407,1,1,-0.12491978668775715,False,True,False,False,False,False
195,1,1,1,1.1249600919935314,0,0,-0.09027201697708476,False,False,False,False,True,False
197,0,3,0,-0.10463740114712752,0,0,-0.49237782784290063,True,False,False,True,False,False
198,0,3,0,0.9712604053509489,0,1,-0.47920571548543794,False,True,False,True,False,False
199,1,3,1,-0.10463740114712752,0,0,-0.49237782784290063,True,False,True,False,False,False
200,0,2,1,-0.41203677443229225,0,0,-0.3866707201133388,False,True,True,False,False,False
201,0,3,0,-0.10463740114712752,0,0,-0.45714212526638004,False,True,False,True,False,False
203,0,3,0,0.35646165878061953,0,0,-0.5176307525123133,False,True,False,True,False,False
204,0,3,0,1.2402348569754682,0,0,-0.5029485386158568,False,False,False,True,False,False
205,1,3,0,-0.8731358343600393,0,0,-0.4863374216869257,False,True,False,True,False,False
207,0,3,0,0.20276197213803718,1,0,-0.32928686163157667,False,True,False,True,False,False
208,1,3,0,-0.2583370877897099,0,0,-0.2701412180209885,False,False,False,True,False,False
209,1,3,1,-1.0268355210026217,0,0,-0.49237782784290063,True,False,True,False,False,False
210,1,1,0,0.8175607187083667,0,0,-0.024246350754841113,False,False,False,True,False,False
211,0,3,0,-0.41203677443229225,0,0,-0.5064721088735089,False,True,False,True,False,False
212,1,2,1,0.4333115021019107,0,0,-0.22559322262067316,False,True,True,False,False,False
213,0,3,0,-0.5657364610748746,0,0,-0.5024451714361923,False,True,False,True,False,False
214,0,2,0,0.04906228549545483,0,0,-0.3866707201133388,False,True,False,True,False,False
215,0,3,0,-0.10463740114712752,1,0,-0.49237782784290063,True,False,False,True,False,False
217,1,3,1,-0.1814872444684187,0,0,-0.4888542575852486,False,True,True,False,False,False
218,0,2,0,0.9712604053509489,1,0,-0.10478509950117394,False,True,False,True,False,False
220,0,2,0,0.04906228549545483,0,0,-0.43700743807979686,False,True,False,True,False,False
221,1,3,0,-1.0268355210026217,0,0,-0.4863374216869257,False,True,False,True,False,False
222,0,2,0,-0.1814872444684187,0,0,-0.3866707201133388,False,True,False,True,False,False
223,0,3,0,1.6629089952425695,0,0,-0.4863374216869257,False,True,False,True,False,False
224,0,3,0,-0.10463740114712752,0,0,-0.4894421904510968,False,True,False,True,False,False
226,0,3,0,-0.5657364610748746,0,0,-0.4601623283443675,False,True,False,True,False,False
227,1,2,0,-0.7962859910387481,0,0,-0.43700743807979686,False,True,False,True,False,False
228,0,3,0,-0.6810112260568114,0,0,-0.5024451714361923,False,True,False,True,False,False
229,0,2,0,-0.8731358343600393,0,0,-0.3866707201133388,False,True,False,True,False,False
230,0,3,1,-0.10463740114712752,3,1,-0.13565761536436197,False,True,True,False,False,False
232,0,3,0,-0.027787557825836348,0,0,-0.4918744606632361,False,True,False,True,False,False
234,1,3,1,-1.8721837975368247,4,2,-0.016444159470040135,False,True,True,False,False,False
235,0,2,0,-0.41203677443229225,0,0,-0.43700743807979686,False,True,False,True,False,False
236,0,3,1,-0.10463740114712752,0,0,-0.49640476528021726,False,True,True,False,False,False
237,0,2,0,1.1249600919935314,1,0,-0.12491978668775715,False,True,False,True,False,False
238,1,2,1,-1.6416342675729512,0,2,-0.11988611489111134,False,True,True,False,False,False
239,0,2,0,-0.7962859910387481,0,0,-0.43700743807979686,False,True,False,True,False,False
240,0,2,0,0.27961181545932834,0,0,-0.4012683683236117,False,True,False,True,False,False
241,0,3,1,-0.10463740114712752,1,0,-0.3573908580066095,False,False,True,False,False,False
242,1,3,1,-0.10463740114712752,1,0,-0.3363340021468808,True,False,True,False,False,False
243,0,2,0,-0.027787557825836348,0,0,-0.43700743807979686,False,True,False,True,False,False
244,0,3,0,-0.5657364610748746,0,0,-0.5049620073345151,False,True,False,True,False,False
245,0,3,0,0.04906228549545483,0,0,-0.5029485386158568,False,False,False,True,False,False
247,0,3,1,-0.33518693111100106,0,0,-0.4918744606632361,False,True,True,False,False,False
248,1,2,1,-0.41203677443229225,0,2,-0.35646868933346404,False,True,False,False,True,False
249,1,1,0,0.5870111887444931,1,1,0.40974072380221066,False,True,False,True,False,False
250,0,2,0,1.893458525206443,1,0,-0.12491978668775715,False,True,False,False,False,True
251,0,3,0,-0.10463740114712752,0,0,-0.5024451714361923,False,True,False,True,False,False
252,0,3,1,-0.027787557825836348,1,1,-0.43776248884929375,False,True,False,False,True,False
254,0,3,0,0.04906228549545483,1,0,-0.32425318983493084,False,True,False,True,False,False
255,0,3,1,0.8944105620296577,0,2,-0.2414492887801075,False,True,False,False,True,False
256,1,3,1,-0.027787557825836348,0,2,-0.3414522396297103,False,False,False,False,True,False
260,1,2,1,1.5860591519212783,0,1,-0.12491978668775715,False,True,False,False,True,False
261,0,3,0,-0.10463740114712752,0,0,-0.49237782784290063,True,False,False,True,False,False
262,1,3,0,-2.025883484179407,4,2,-0.016444159470040135,False,True,False,False,False,False
264,0,1,0,0.8175607187083667,0,0,-0.6484216535389205,False,True,False,True,False,False
265,0,3,1,-0.10463740114712752,0,0,-0.49237782784290063,True,False,True,False,False,False
266,0,2,0,0.5101613454232019,0,0,-0.43700743807979686,False,True,False,True,False,False
267,0,3,0,-1.0268355210026217,4,1,0.1506737441786005,False,True,False,True,False,False
268,1,3,0,-0.33518693111100106,1,0,-0.4918744606632361,False,True,False,True,False,False
271,0,1,0,-0.10463740114712752,0,0,-0.024246350754841113,False,True,False,True,False,False
272,1,3,0,-0.33518693111100106,0,0,-0.6484216535389205,False,True,False,True,False,False
273,1,2,1,0.8944105620296577,0,1,-0.255795253400548,False,True,False,False,True,False
274,0,1,0,0.5870111887444931,0,1,-0.05042144409739929,False,False,False,True,False,False
275,1,3,1,-0.10463740114712752,0,0,-0.49237782784290063,True,False,True,False,False,False
277,0,3,1,1.2018099353148226,0,0,-0.49237782784290063,False,True,True,False,False,False
278,0,2,0,-0.10463740114712752,0,0,-0.6484216535389205,False,True,False,True,False,False
279,0,3,0,-1.7184841108942424,4,1,-0.06199888922968463,True,False,False,False,False,False
280,1,3,1,0.4333115021019107,1,1,-0.24069423801061057,False,True,False,False,True,False
282,0,3,0,-0.10463740114712752,0,0,-0.4902797934380587,False,True,False,True,False,False
283,0,3,0,-1.0268355210026217,0,0,-0.45714212526638004,False,True,False,True,False,False
284,1,3,0,-0.7962859910387481,0,0,-0.4863374216869257,False,True,False,True,False,False
285,0,1,0,-0.10463740114712752,0,0,-0.12491978668775715,False,True,False,True,False,False
286,0,3,0,0.27961181545932834,0,0,-0.47400492578514347,False,False,False,True,False,False
287,1,3,0,0.04906228549545483,0,0,-0.45714212526638004,False,True,False,True,False,False
288,0,3,0,-0.5657364610748746,0,0,-0.4894421904510968,False,True,False,True,False,False
289,1,2,0,0.9712604053509489,0,0,-0.3866707201133388,False,True,False,True,False,False
290,1,3,1,-0.5657364610748746,0,0,-0.49237782784290063,True,False,True,False,False,False
293,0,2,0,0.5101613454232019,0,0,-0.3891875560116617,False,False,False,True,False,False
294,0,3,1,-0.41203677443229225,0,0,-0.4702296719376591,False,True,True,False,False,False
295,0,3,0,-0.41203677443229225,0,0,-0.4894421904510968,False,True,False,True,False,False
296,0,1,0,-0.10463740114712752,0,0,-0.09027201697708476,False,False,False,True,False,False
297,0,3,0,-0.45046169609293785,0,0,-0.5028639729296732,False,False,False,True,False,False
299,1,1,0,-0.10463740114712752,0,0,-0.034313694348132716,False,True,False,True,False,False
301,1,3,1,-0.10463740114712752,0,0,-0.49237782784290063,True,False,True,False,False,False
302,1,3,0,-0.10463740114712752,2,0,-0.18029017645086096,True,False,False,True,False,False
303,0,3,0,-0.7962859910387481,0,0,-0.6484216535389205,False,True,False,True,False,False
304,1,2,1,-0.10463740114712752,0,0,-0.3997582667846179,True,False,True,False,False,False
305,0,3,0,-0.10463740114712752,0,0,-0.4863374216869257,False,True,False,True,False,False
309,0,2,0,0.04906228549545483,1,0,-0.16518916106092355,False,False,False,True,False,False
310,1,1,1,0.04906228549545483,0,0,0.49782998024351216,False,False,True,False,False,False
313,0,2,1,-0.2583370877897099,1,1,-0.12491978668775715,False,True,False,False,True,False
314,0,3,0,-0.10463740114712752,0,0,-0.4894421904510968,False,True,False,True,False,False
315,0,2,0,1.0481102486722402,1,1,-0.11988611489111134,False,True,False,True,False,False
316,1,3,1,-0.2583370877897099,0,0,-0.4902797934380587,False,True,True,False,False,False
317,1,2,1,-0.41203677443229225,1,0,-0.12491978668775715,False,True,False,False,True,False
318,0,2,0,1.893458525206443,0,0,-0.36653603292675563,False,True,False,False,False,True
321,0,3,0,-0.5657364610748746,0,0,-0.5024451714361923,False,True,False,True,False,False
322,0,3,0,-0.1814872444684187,0,0,-0.4894421904510968,False,True,False,True,False,False
323,1,2,1,0.04906228549545483,0,0,-0.3997582667846179,True,False,True,False,False,False
324,1,2,1,-0.5657364610748746,1,1,-0.06451572512800753,False,True,False,False,True,False
328,1,2,1,0.5101613454232019,0,0,-0.3866707201133388,False,True,False,False,True,False
329,1,3,1,0.12591212881674602,1,1,-0.2351571990343002,False,True,False,False,True,False
330,1,1,1,-1.0268355210026217,0,1,0.5189714017894245,False,False,True,False,False,False
331,1,3,1,-0.10463740114712752,2,0,-0.18029017645086096,True,False,True,False,False,False
332,0,1,0,1.2402348569754682,0,0,-0.07458306872129913,False,True,False,True,False,False
334,0,3,0,-1.0268355210026217,2,0,-0.2859972841804228,False,True,False,True,False,False
336,0,3,0,-0.10463740114712752,0,0,-0.4894421904510968,False,True,False,True,False,False
339,1,3,0,1.2018099353148226,0,0,-0.4863374216869257,False,True,False,True,False,False
340,0,1,0,1.2018099353148226,0,0,0.06635974158478332,False,True,False,True,False,False
343,0,2,0,-0.10463740114712752,0,0,-0.3866707201133388,False,True,False,True,False,False
344,0,2,0,-0.33518693111100106,0,0,-0.3866707201133388,False,True,False,True,False,False
345,0,2,0,0.5101613454232019,0,0,-0.3866707201133388,False,True,False,True,False,False
346,1,2,1,-0.41203677443229225,0,0,-0.3866707201133388,False,True,True,False,False,False
347,1,2,1,0.8175607187083667,0,0,-0.3866707201133388,False,True,True,False,False,False
348,1,3,1,-0.10463740114712752,1,0,-0.32425318983493084,False,True,False,False,True,False
349,1,3,0,-2.025883484179407,1,1,-0.32828012727224753,False,True,False,False,False,False
350,0,3,0,0.9712604053509489,0,0,-0.47400492578514347,False,True,False,True,False,False
351,0,3,0,-0.48888661775358344,0,0,-0.4626791642426904,False,True,False,True,False,False
352,0,1,0,-0.10463740114712752,0,0,0.05629239799149171,False,True,False,True,False,False
353,0,3,0,-1.1036853643239128,1,1,-0.5028639729296732,False,False,False,True,False,False
354,0,3,0,-0.33518693111100106,1,0,-0.29002422161773944,False,True,False,True,False,False
355,0,3,0,-0.10463740114712752,0,0,-0.5029485386158568,False,False,False,True,False,False
356,0,3,0,-0.10463740114712752,0,0,-0.45714212526638004,False,True,False,True,False,False
357,1,1,1,-0.5657364610748746,0,1,0.4589861417231558,False,True,True,False,False,False
358,0,2,1,0.6638610320657843,0,0,-0.3866707201133388,False,True,True,False,False,False
359,1,3,1,-0.10463740114712752,0,0,-0.48977642625839407,True,False,True,False,False,False
360,1,3,1,-0.10463740114712752,0,0,-0.48977642625839407,True,False,True,False,False,False
361,0,3,0,0.8175607187083667,1,4,-0.08666388103324908,False,True,False,True,False,False
362,0,2,0,-0.027787557825836348,1,0,-0.09027201697708476,False,False,False,True,False,False
363,0,3,1,1.2018099353148226,0,1,-0.3573908580066095,False,False,False,False,True,False
364,0,3,0,0.4333115021019107,0,0,-0.5064721088735089,False,True,False,True,False,False
365,0,3,0,-0.10463740114712752,1,0,-0.3363340021468808,True,False,False,True,False,False
366,0,3,0,0.04906228549545483,0,0,-0.5024451714361923,False,True,False,True,False,False
368,1,3,1,-0.10463740114712752,0,0,-0.5028639729296732,False,False,False,False,True,False
369,1,3,1,-0.10463740114712752,0,0,-0.49237782784290063,True,False,True,False,False,False
371,1,1,0,-0.33518693111100106,1,0,0.4678796330534696,False,False,False,True,False,False
372,0,3,0,-0.8731358343600393,1,0,-0.5176307525123133,False,True,False,True,False,False
373,0,3,0,-0.7962859910387481,0,0,-0.4863374216869257,False,True,False,True,False,False
375,0,3,1,-2.025883484179407,3,1,-0.22408312108167944,False,True,True,False,False,False
377,1,3,1,-0.5657364610748746,0,0,-0.5024451714361923,False,True,True,False,False,False
379,0,3,0,-0.719436147717457,0,0,-0.5676312212027554,False,False,False,True,False,False
380,0,3,0,-0.7962859910387481,0,0,-0.4918744606632361,False,True,False,True,False,False
383,0,3,0,0.20276197213803718,0,0,-0.4888542575852486,False,True,False,True,False,False
384,1,1,1,0.4333115021019107,1,0,0.39858208016340624,False,True,False,False,True,False
385,0,3,0,-0.10463740114712752,0,0,-0.4894421904510968,False,True,False,True,False,False
388,1,2,1,0.5101613454232019,0,0,-0.3866707201133388,False,True,True,False,False,False
389,0,3,0,-0.10463740114712752,0,0,-0.49279662933638163,True,False,False,True,False,False
390,1,2,1,-0.9499856776813305,0,0,-0.40680540729992204,False,False,True,False,False,False
392,1,3,0,-0.6425863043961658,0,0,-0.49145565916975514,False,True,False,True,False,False
393,0,3,0,-0.10463740114712752,2,0,-0.4888542575852486,False,True,False,True,False,False
395,1,3,1,-0.41203677443229225,0,2,-0.312172377522981,False,True,False,False,True,False
396,0,3,0,-0.5657364610748746,0,0,-0.49145565916975514,False,True,False,True,False,False
397,0,3,1,0.12591212881674602,0,0,-0.4902797934380587,False,True,True,False,False,False
398,0,2,0,1.2786597786361138,0,0,-0.12491978668775715,False,True,False,True,False,False
399,0,2,0,-0.48888661775358344,0,0,-0.43700743807979686,False,True,False,False,False,True
400,1,2,1,-0.10463740114712752,0,0,-0.393717860628643,False,True,False,False,True,False
401,1,3,0,0.7407108753870755,0,0,-0.4888542575852486,False,True,False,True,False,False
402,0,3,0,-0.2583370877897099,0,0,-0.4863374216869257,False,True,False,True,False,False
403,0,3,1,-0.6425863043961658,1,0,-0.4505983519307405,False,True,True,False,False,False
404,0,3,0,-0.10463740114712752,1,0,-0.32928686163157667,False,True,False,True,False,False
405,0,3,1,-0.719436147717457,0,0,-0.47400492578514347,False,True,True,False,False,False
406,0,2,0,0.35646165878061953,1,0,-0.22559322262067316,False,True,False,True,False,False
407,0,3,0,1.6629089952425695,0,0,-0.49237782784290063,False,True,False,True,False,False
408,1,2,0,-2.025883484179407,1,1,-0.2708962687904854,False,True,False,False,False,False
409,0,3,0,-0.6425863043961658,0,0,-0.4918744606632361,False,True,False,True,False,False
410,0,3,1,-0.10463740114712752,3,1,-0.13565761536436197,False,True,True,False,False,False
411,0,3,0,-0.10463740114712752,0,0,-0.4894421904510968,False,True,False,True,False,False
412,0,3,0,-0.10463740114712752,0,0,-0.5103319284071769,True,False,False,True,False,False
414,0,2,0,-0.10463740114712752,0,0,-0.6484216535389205,False,True,False,True,False,False
415,1,3,0,1.1249600919935314,0,0,-0.4888542575852486,False,True,False,True,False,False
416,0,3,1,-0.10463740114712752,0,0,-0.4863374216869257,False,True,False,False,True,False
417,1,2,1,0.35646165878061953,1,1,0.005955680025033696,False,True,False,False,True,False
418,1,2,1,-0.8731358343600393,0,2,-0.3866707201133388,False,True,True,False,False,False
419,0,2,0,0.04906228549545483,0,0,-0.3866707201133388,False,True,False,True,False,False
420,0,3,1,-1.4879345809303688,0,2,-0.1621689579829361,False,True,True,False,False,False
421,0,3,0,-0.10463740114712752,0,0,-0.4894421904510968,False,False,False,True,False,False
422,0,3,0,-0.6425863043961658,0,0,-0.49271407711891657,True,False,False,True,False,False
423,0,3,0,-0.027787557825836348,0,0,-0.4898609919445778,False,True,False,True,False,False
424,0,3,1,-0.10463740114712752,1,1,-0.35848215805212236,False,True,False,False,True,False
425,0,3,0,-0.8731358343600393,1,1,-0.2414492887801075,False,True,False,True,False,False
426,0,3,0,-0.10463740114712752,0,0,-0.5024451714361923,False,True,False,True,False,False
427,1,2,1,-0.10463740114712752,1,0,-0.12491978668775715,False,True,False,False,True,False
428,1,2,1,-0.7962859910387481,0,0,-0.12491978668775715,False,True,True,False,False,False
429,0,3,0,-0.10463740114712752,0,0,-0.49237782784290063,True,False,False,True,False,False
430,1,3,0,0.20276197213803718,0,0,-0.4863374216869257,False,True,False,True,False,False
431,1,1,0,-0.10463740114712752,0,0,-0.11384570873513637,False,True,False,True,False,False
432,1,3,1,-0.10463740114712752,1,0,-0.32425318983493084,False,True,False,False,True,False
433,1,2,1,0.9712604053509489,1,0,-0.12491978668775715,False,True,False,False,True,False
434,0,3,0,-0.9499856776813305,0,0,-0.5049620073345151,False,True,False,True,False,False
435,0,1,0,1.5860591519212783,1,0,0.4771073601910807,False,True,False,True,False,False
437,0,3,1,-0.6425863043961658,2,2,0.04370821849987721,False,True,True,False,False,False
438,1,2,1,-0.41203677443229225,2,3,-0.2708962687904854,False,True,False,False,True,False
440,0,2,0,0.12591212881674602,0,0,-0.43700743807979686,False,True,False,True,False,False
441,1,2,1,1.2018099353148226,1,1,-0.11988611489111134,False,True,False,False,True,False
442,0,3,0,-0.719436147717457,0,0,-0.45714212526638004,False,True,False,True,False,False
443,0,3,0,-0.33518693111100106,1,0,-0.4918744606632361,False,True,False,True,False,False
444,1,2,1,-0.10463740114712752,0,0,-0.3866707201133388,False,True,True,False,False,False
445,1,3,0,-0.10463740114712752,0,0,-0.48507900373776425,False,True,False,True,False,False
447,1,2,1,-1.2573850509664952,0,1,-0.255795253400548,False,True,True,False,False,False
448,1,1,0,0.35646165878061953,0,0,-0.11384570873513637,False,True,False,True,False,False
449,1,3,1,-1.8721837975368247,2,1,-0.26066180729354516,False,False,True,False,False,False
450,1,1,0,1.7397588385638607,0,0,-0.034313694348132716,False,True,False,False,False,True
451,0,2,0,0.5101613454232019,1,2,-0.08968408411123653,False,True,False,True,False,False
452,0,3,0,-0.10463740114712752,1,0,-0.2463983948905696,False,True,False,True,False,False
453,0,1,0,0.04906228549545483,0,0,-0.08968408411123653,False,False,False,True,False,False
455,0,3,0,-0.10463740114712752,0,0,-0.4863374216869257,False,True,False,True,False,False
456,1,3,0,-0.027787557825836348,0,0,-0.4894421904510968,False,False,False,True,False,False
458,1,1,1,-0.10463740114712752,1,0,0.395813560675251,False,True,False,False,True,False
459,1,2,1,1.5860591519212783,0,0,-0.43700743807979686,False,True,True,False,False,False
460,0,3,0,-0.10463740114712752,0,0,-0.49237782784290063,True,False,False,True,False,False
461,1,1,0,1.432359465278696,0,0,-0.11384570873513637,False,True,False,True,False,False
462,0,3,0,0.35646165878061953,0,0,-0.4863374216869257,False,True,False,True,False,False
463,0,1,0,1.3555096219574048,0,0,0.12676380314453292,False,True,False,True,False,False
464,0,2,0,1.432359465278696,0,0,-0.3866707201133388,False,True,False,True,False,False
465,0,3,0,-0.10463740114712752,0,0,-0.4863374216869257,False,True,False,True,False,False
466,0,3,0,0.6638610320657843,0,0,-0.5064721088735089,False,True,False,True,False,False
467,0,2,0,-0.10463740114712752,0,0,-0.6484216535389205,False,True,False,True,False,False
469,0,3,0,-0.10463740114712752,0,0,-0.4928811950225652,True,False,False,True,False,False
471,0,3,0,-0.10463740114712752,0,0,-0.5024451714361923,False,True,False,True,False,False
472,0,3,0,0.6638610320657843,0,0,-0.47400492578514347,False,True,False,True,False,False
473,1,2,1,0.27961181545932834,1,2,-0.08968408411123653,False,True,False,False,True,False
474,1,2,1,-0.48888661775358344,0,0,-0.3707300882677209,False,False,False,False,True,False
475,0,3,1,-0.5657364610748746,0,0,-0.45034666834090825,False,True,True,False,False,False
476,0,1,0,-0.10463740114712752,0,0,0.39858208016340624,False,True,False,True,False,False
477,0,2,0,0.35646165878061953,1,0,-0.22559322262067316,False,True,False,True,False,False
478,0,3,0,-0.027787557825836348,1,0,-0.5065566745596926,False,True,False,True,False,False
479,0,3,0,-0.5657364610748746,0,0,-0.4969926981460655,False,True,False,True,False,False
481,0,3,0,-1.56478442425166,5,2,0.2958951755118318,False,True,False,False,False,False
482,0,2,0,-0.10463740114712752,0,0,-0.6484216535389205,False,True,False,True,False,False
483,0,3,0,1.5860591519212783,0,0,-0.4863374216869257,False,True,False,True,False,False
486,0,3,1,-0.10463740114712752,3,1,-0.13565761536436197,False,True,True,False,False,False
489,0,3,0,0.04906228549545483,0,0,-0.4863374216869257,False,True,False,True,False,False
490,1,3,0,-1.56478442425166,1,1,-0.32828012727224753,False,True,False,False,False,False
491,0,3,0,-0.10463740114712752,1,0,-0.2463983948905696,False,True,False,True,False,False
492,0,3,0,-0.6425863043961658,0,0,-0.5024451714361923,False,True,False,True,False,False
495,0,3,0,-0.6425863043961658,0,0,-0.4863374216869257,False,True,False,True,False,False
496,0,3,0,-0.10463740114712752,0,0,-0.3573083057891445,False,False,False,True,False,False
498,0,3,0,-0.10463740114712752,0,0,-0.3443878770215141,False,True,False,True,False,False
500,0,3,0,-0.41203677443229225,0,0,-0.49145565916975514,False,True,False,True,False,False
501,0,3,0,-0.9499856776813305,0,0,-0.47400492578514347,False,True,False,True,False,False
502,0,3,1,-0.6425863043961658,0,0,-0.49237782784290063,True,False,True,False,False,False
503,0,3,1,-0.10463740114712752,0,0,-0.4948100980550399,True,False,True,False,False,False
504,0,3,1,0.5870111887444931,0,0,-0.455380340137554,False,True,True,False,False,False
507,1,2,1,0.27961181545932834,0,2,-0.12491978668775715,False,True,False,False,True,False
508,1,1,0,-0.10463740114712752,0,0,-0.11384570873513637,False,True,False,True,False,False
509,0,3,0,-0.10463740114712752,0,0,-0.1948878246611338,False,True,False,True,False,False
510,1,3,0,-0.2583370877897099,0,0,0.48910360681684706,False,True,False,True,False,False
511,1,3,0,-0.027787557825836348,0,0,-0.49237782784290063,True,False,False,True,False,False
512,0,3,0,-0.10463740114712752,0,0,-0.4863374216869257,False,True,False,True,False,False
513,1,1,0,0.5101613454232019,0,0,-0.11913106412161445,False,True,False,True,False,False
514,1,1,1,1.893458525206443,1,0,0.5475787653441219,False,False,False,False,True,False
515,0,3,0,-0.41203677443229225,0,0,-0.4974960653257301,False,True,False,True,False,False
516,0,1,0,1.3555096219574048,0,0,0.036576512298389464,False,True,False,True,False,False
517,1,2,1,0.35646165878061953,0,0,-0.43700743807979686,False,True,False,False,True,False
518,0,3,0,-0.10463740114712752,0,0,-0.1621689579829361,True,False,False,True,False,False
519,1,2,1,0.5101613454232019,1,0,-0.12491978668775715,False,True,False,False,True,False
520,0,3,0,0.20276197213803718,0,0,-0.4894421904510968,False,True,False,True,False,False
522,0,3,0,-0.5657364610748746,0,0,-0.4894421904510968,False,True,False,True,False,False
523,0,3,0,-0.10463740114712752,0,0,-0.5029485386158568,False,False,False,True,False,False
524,1,1,1,1.1249600919935314,0,1,0.5189714017894245,False,False,False,False,True,False
525,0,3,0,-0.10463740114712752,0,0,-0.5028639729296732,False,False,False,True,False,False
526,0,3,0,0.8559856403690123,0,0,-0.49237782784290063,True,False,False,True,False,False
527,1,2,1,1.5860591519212783,0,0,-0.43700743807979686,False,True,True,False,False,False
529,0,3,0,0.7407108753870755,0,0,-0.4888542575852486,False,True,False,True,False,False
530,0,2,0,-0.48888661775358344,2,1,-0.41687275089321363,False,True,False,True,False,False
532,0,3,0,-0.10463740114712752,0,0,-0.5028639729296732,False,False,False,True,False,False
533,0,3,0,-0.9499856776813305,1,1,-0.5028639729296732,False,False,False,True,False,False
534,1,3,1,-0.10463740114712752,0,2,-0.19824427701513722,False,False,False,False,True,False
535,0,3,1,0.04906228549545483,0,0,-0.47400492578514347,False,True,True,False,False,False
536,1,2,1,-1.7184841108942424,0,2,-0.11988611489111134,False,True,True,False,False,False
537,0,1,0,1.2018099353148226,0,0,-0.11384570873513637,False,True,False,False,False,True
539,0,3,0,-0.10463740114712752,0,0,-0.35646868933346404,False,True,False,True,False,False
540,1,1,1,-0.5657364610748746,0,2,0.3482453621969482,False,False,True,False,False,False
542,0,3,1,-1.56478442425166,4,2,-0.01870931177853076,False,True,True,False,False,False
543,0,3,1,-1.4110847376090776,4,2,-0.01870931177853076,False,True,True,False,False,False
544,1,2,0,0.20276197213803718,1,0,-0.12491978668775715,False,True,False,True,False,False
547,1,2,1,-0.7962859910387481,1,0,-0.12491978668775715,False,True,False,False,True,False
548,1,2,0,-0.10463740114712752,0,0,-0.3693045524149108,False,False,False,True,False,False
549,0,3,0,0.27961181545932834,1,1,-0.2351571990343002,False,True,False,True,False,False
550,1,2,0,-1.6416342675729512,1,1,0.09152810056801232,False,True,False,False,False,False
552,0,2,0,-0.1814872444684187,0,0,-0.12491978668775715,False,True,False,True,False,False
553,0,3,0,-0.10463740114712752,0,0,-0.49078316061772326,True,False,False,True,False,False
554,1,3,0,-0.5657364610748746,0,0,-0.5029485386158568,False,False,False,True,False,False
555,1,3,1,-0.5657364610748746,0,0,-0.4918744606632361,False,True,True,False,False,False
557,1,1,1,1.432359465278696,1,0,0.1489119590497745,False,False,False,False,False,True
560,1,3,1,0.5101613454232019,1,0,-0.29807809649237277,False,True,False,False,True,False
561,0,3,0,-0.10463740114712752,0,0,-0.49237782784290063,True,False,False,True,False,False
562,0,3,0,0.8175607187083667,0,0,-0.4894421904510968,False,True,False,True,False,False
563,0,2,0,-0.10463740114712752,0,0,-0.3766033765200472,False,True,False,True,False,False
564,0,3,0,-0.10463740114712752,0,0,-0.4863374216869257,False,True,False,True,False,False
565,0,3,1,-0.10463740114712752,0,0,-0.4863374216869257,False,True,True,False,False,False
566,0,3,0,-0.41203677443229225,2,0,-0.1621689579829361,False,True,False,True,False,False
567,0,3,0,-0.7962859910387481,0,0,-0.4894421904510968,False,True,False,True,False,False
568,0,3,1,-0.027787557825836348,0,4,-0.22408312108167944,False,True,False,False,True,False
569,0,3,0,-0.10463740114712752,0,0,-0.5028639729296732,False,False,False,True,False,False
570,1,3,0,0.20276197213803718,0,0,-0.4902797934380587,False,True,False,True,False,False
572,1,1,1,1.816608681885152,2,0,0.38809593507663365,False,True,False,False,True,False
573,1,1,0,0.5101613454232019,0,0,-0.11711759540295616,False,True,False,True,False,False
574,1,3,1,-0.10463740114712752,0,0,-0.49237782784290063,True,False,True,False,False,False
575,0,3,0,-1.0268355210026217,0,0,-0.4863374216869257,False,True,False,True,False,False
576,0,3,0,-0.7962859910387481,0,0,-0.35646868933346404,False,True,False,True,False,False
577,1,2,1,0.35646165878061953,0,0,-0.3866707201133388,False,True,True,False,False,False
578,1,1,1,0.7407108753870755,1,0,0.4771073601910807,False,True,False,False,True,False
579,0,3,1,-0.10463740114712752,1,0,-0.3573083057891445,False,False,False,False,True,False
580,1,3,0,0.20276197213803718,0,0,-0.4888542575852486,False,True,False,True,False,False
581,1,2,1,-0.33518693111100106,1,1,-0.04438103794142432,False,True,True,False,False,False
583,0,2,0,1.893458525206443,0,0,-0.12491978668775715,False,True,False,True,False,False
584,0,1,0,0.5101613454232019,0,0,0.15948266982273065,False,False,False,True,False,False
585,0,3,0,-0.10463740114712752,0,0,-0.47299819142581434,False,False,False,True,False,False
587,0,2,0,1.3555096219574048,0,0,-0.3464013457401724,False,True,False,True,False,False
589,0,3,0,-0.5657364610748746,0,0,-0.4863374216869257,False,True,False,True,False,False
590,0,3,0,-0.10463740114712752,0,0,-0.4863374216869257,False,True,False,True,False,False
591,0,3,0,0.4333115021019107,0,0,-0.5049620073345151,False,True,False,True,False,False
593,0,3,0,1.3555096219574048,0,0,-0.5024451714361923,False,True,False,True,False,False
594,0,3,1,-0.10463740114712752,0,2,-0.49237782784290063,True,False,True,False,False,False
595,0,2,0,0.5870111887444931,1,0,-0.12491978668775715,False,True,False,True,False,False
596,0,3,0,0.5101613454232019,1,1,-0.1621689579829361,False,True,False,True,False,False
597,1,2,1,-0.10463740114712752,0,0,0.016023023618325298,False,True,True,False,False,False
598,0,3,0,1.5092093085999871,0,0,-0.6484216535389205,False,True,False,True,False,False
599,0,3,0,-0.10463740114712752,0,0,-0.5029485386158568,False,False,False,True,False,False
600,1,1,0,1.5092093085999871,1,0,0.49782998024351216,False,False,False,False,False,True
601,1,2,1,-0.41203677443229225,2,1,-0.10478509950117394,False,True,False,False,True,False
602,0,3,0,-0.10463740114712752,0,0,-0.4894421904510968,False,True,False,True,False,False
603,0,1,0,-0.10463740114712752,0,0,0.2052890831722074,False,True,False,True,False,False
604,0,3,0,1.1249600919935314,0,0,-0.4863374216869257,False,True,False,True,False,False
605,1,1,0,0.4333115021019107,0,0,-0.11384570873513637,False,False,False,True,False,False
606,0,3,0,0.5101613454232019,1,0,-0.3353272677875516,False,True,False,True,False,False
607,0,3,0,0.04906228549545483,0,0,-0.4894421904510968,False,True,False,True,False,False
608,1,1,0,-0.1814872444684187,0,0,-0.034313694348132716,False,True,False,True,False,False
609,1,2,1,-0.5657364610748746,1,2,0.18876253192945994,False,False,False,False,True,False
611,0,3,1,0.7407108753870755,1,5,-0.01870931177853076,False,True,False,False,True,False
612,0,3,0,-0.10463740114712752,0,0,-0.5064721088735089,False,True,False,True,False,False
613,1,3,1,-0.10463740114712752,1,0,-0.3363340021468808,True,False,True,False,False,False
614,0,3,0,-0.10463740114712752,0,0,-0.49237782784290063,True,False,False,True,False,False
615,0,3,0,0.4333115021019107,0,0,-0.4863374216869257,False,True,False,True,False,False
617,0,3,0,0.35646165878061953,1,1,-0.35848215805212236,False,True,False,True,False,False
618,0,3,1,-0.2583370877897099,1,0,-0.32425318983493084,False,True,False,False,True,False
619,1,2,1,-1.949033640858116,2,1,0.13683114673782454,False,True,True,False,False,False
620,0,2,0,-0.2583370877897099,0,0,-0.43700743807979686,False,True,False,True,False,False
621,0,3,0,-0.1814872444684187,1,0,-0.3573908580066095,False,False,False,True,False,False
622,1,1,0,0.9712604053509489,1,0,0.40974072380221066,False,True,False,True,False,False
623,1,3,0,-0.719436147717457,1,1,-0.33146744825388363,False,False,False,True,False,False
624,0,3,0,-0.6425863043961658,0,0,-0.4902797934380587,False,True,False,True,False,False
625,0,3,0,-0.6425863043961658,0,0,-0.32425318983493084,False,True,False,True,False,False
629,0,3,0,-0.2583370877897099,0,0,-0.4894421904510968,False,True,False,True,False,False
630,0,3,0,-0.10463740114712752,0,0,-0.49271407711891657,True,False,False,True,False,False
632,0,3,0,1.6629089952425695,0,0,-0.5063875431873253,False,True,False,True,False,False
633,1,1,0,0.20276197213803718,0,0,-0.034313694348132716,False,False,False,False,False,True
634,0,1,0,-0.10463740114712752,0,0,-0.6484216535389205,False,True,False,True,False,False
635,0,3,1,-1.56478442425166,3,2,-0.08666388103324908,False,True,True,False,False,False
636,1,2,1,-0.10463740114712752,0,0,-0.3866707201133388,False,True,True,False,False,False
637,0,3,0,0.20276197213803718,0,0,-0.4888542575852486,False,True,False,True,False,False
638,0,2,0,0.12591212881674602,1,1,-0.11988611489111134,False,True,False,True,False,False
639,0,3,1,0.8944105620296577,0,5,0.1506737441786005,False,True,False,False,True,False
640,0,3,0,-0.10463740114712752,1,0,-0.32425318983493084,False,True,False,True,False,False
641,0,3,0,-0.719436147717457,0,0,-0.4902797934380587,False,True,False,True,False,False
644,1,3,0,-0.10463740114712752,0,0,0.48910360681684706,False,True,False,True,False,False
647,0,3,0,-0.7962859910387481,0,0,-0.4894421904510968,False,True,False,True,False,False
649,0,3,0,-0.10463740114712752,0,0,-0.49640476528021726,False,True,False,True,False,False
650,1,3,1,-0.48888661775358344,0,0,-0.49640476528021726,False,True,True,False,False,False
651,0,3,0,-0.10463740114712752,0,0,-0.4894421904510968,False,True,False,True,False,False
652,1,2,1,-0.8731358343600393,0,1,-0.18532384824750675,False,True,True,False,False,False
653,0,3,0,-0.6425863043961658,0,0,-0.47861979608830835,False,True,False,True,False,False
654,1,3,1,-0.10463740114712752,0,0,-0.49078316061772326,True,False,True,False,False,False
655,0,3,1,-0.8731358343600393,0,0,-0.5125125150294839,True,False,True,False,False,False
657,0,3,0,-0.10463740114712752,0,0,-0.4894421904510968,False,True,False,True,False,False
658,0,3,1,0.20276197213803718,1,1,-0.3363340021468808,True,False,False,False,True,False
659,0,2,0,-0.48888661775358344,0,0,-0.3866707201133388,False,True,False,True,False,False
662,0,3,0,0.8175607187083667,0,0,-0.5029485386158568,False,False,False,True,False,False
663,0,1,0,1.3555096219574048,0,0,-0.13322534515222276,False,True,False,True,False,False
664,0,3,0,0.5101613454232019,0,0,-0.4974960653257301,False,True,False,True,False,False
665,1,3,0,-0.719436147717457,1,0,-0.4888542575852486,False,True,False,True,False,False
667,0,2,0,-0.33518693111100106,0,0,-0.3866707201133388,False,True,False,True,False,False
668,0,3,0,-0.10463740114712752,0,0,-0.4918744606632361,False,True,False,True,False,False
669,0,3,0,1.0481102486722402,0,0,-0.4863374216869257,False,True,False,True,False,False
670,1,1,1,-0.10463740114712752,1,0,0.39858208016340624,False,True,False,False,True,False
671,1,2,1,0.8175607187083667,1,1,0.13683114673782454,False,True,False,False,True,False
672,0,1,0,0.12591212881674602,1,0,0.39858208016340624,False,True,False,True,False,False
674,1,2,0,0.12591212881674602,0,0,-0.3866707201133388,False,True,False,True,False,False
675,0,2,0,-0.10463740114712752,0,0,-0.6484216535389205,False,True,False,True,False,False
676,0,3,0,-0.8731358343600393,0,0,-0.4918744606632361,False,True,False,True,False,False
677,0,3,0,-0.37361185277164666,0,0,-0.4863374216869257,False,True,False,True,False,False
678,1,3,1,-0.8731358343600393,0,0,-0.45026210265472455,False,True,True,False,False,False
679,0,3,1,1.0481102486722402,1,6,0.2958951755118318,False,True,False,False,True,False
681,0,3,1,-0.10463740114712752,0,0,-0.48457563655809965,True,False,True,False,False,False
683,0,3,0,-0.719436147717457,0,0,-0.4626791642426904,False,True,False,True,False,False
684,0,3,0,-1.180535207645204,5,2,0.2958951755118318,False,True,False,True,False,False
686,0,2,0,-0.33518693111100106,1,2,0.18876253192945994,False,False,False,True,False,False
687,0,3,0,-1.180535207645204,4,1,0.1506737441786005,False,True,False,True,False,False
688,0,3,0,-0.7962859910387481,0,0,-0.44363577710162005,False,True,False,True,False,False
689,0,3,0,-0.8731358343600393,0,0,-0.49145565916975514,False,True,False,True,False,False
691,1,1,0,0.12591212881674602,1,0,0.49925551609632224,False,True,False,True,False,False
692,1,3,1,-1.949033640858116,0,1,-0.37828059596268965,False,False,True,False,False,False
693,1,3,0,-0.10463740114712752,0,0,0.48910360681684706,False,True,False,True,False,False
694,0,3,0,-0.33518693111100106,0,0,-0.5029485386158568,False,False,False,True,False,False
696,0,2,0,1.7397588385638607,0,0,-0.3766033765200472,False,True,False,True,False,False
697,0,3,0,1.1249600919935314,0,0,-0.4863374216869257,False,True,False,True,False,False
698,1,3,1,-0.10463740114712752,0,0,-0.49271407711891657,True,False,True,False,False,False
700,0,3,0,0.9712604053509489,0,0,-0.494391296561559,False,True,False,True,False,False
702,1,1,0,0.4333115021019107,0,0,-0.11913106412161445,False,True,False,True,False,False
703,0,3,1,-0.8731358343600393,0,1,-0.3573908580066095,False,False,True,False,False,False
704,0,3,0,-0.33518693111100106,0,0,-0.4925449457465493,True,False,False,True,False,False
705,0,3,0,-0.2583370877897099,1,0,-0.4902797934380587,False,True,False,True,False,False
706,0,2,0,0.7407108753870755,0,0,-0.12491978668775715,False,True,False,True,False,False
707,1,2,1,1.2018099353148226,0,0,-0.3766033765200472,False,True,False,False,True,False
708,1,1,0,0.9712604053509489,0,0,-0.11913106412161445,False,True,False,True,False,False
710,1,3,0,-0.10463740114712752,1,1,-0.3414522396297103,False,False,False,False,False,False
711,1,1,1,-0.41203677443229225,0,0,0.3483299278831318,False,False,True,False,False,False
712,0,1,0,-0.10463740114712752,0,0,-0.11384570873513637,False,True,False,True,False,False
713,1,1,0,1.432359465278696,1,0,0.39858208016340624,False,True,False,True,False,False
714,0,3,0,-0.027787557825836348,0,0,-0.457478374542396,False,True,False,True,False,False
715,0,2,0,1.7397588385638607,0,0,-0.3866707201133388,False,True,False,True,False,False
716,0,3,0,-0.7962859910387481,0,0,-0.494391296561559,False,True,False,True,False,False
718,1,2,1,-0.1814872444684187,0,0,-0.43700743807979686,False,True,True,False,False,False
719,0,3,0,-0.10463740114712752,0,0,-0.3363340021468808,True,False,False,True,False,False
720,0,3,0,0.27961181545932834,0,0,-0.4918744606632361,False,True,False,True,False,False
721,1,2,1,-1.7953339542155335,0,1,0.016023023618325298,False,True,True,False,False,False
722,0,3,0,-0.9499856776813305,1,0,-0.5063875431873253,False,True,False,True,False,False
723,0,2,0,0.35646165878061953,0,0,-0.3866707201133388,False,True,False,True,False,False
724,0,2,0,1.5860591519212783,0,0,-0.3866707201133388,False,True,False,True,False,False
725,1,1,0,-0.1814872444684187,1,0,0.4207302360686478,False,True,False,True,False,False
726,0,3,0,-0.719436147717457,0,0,-0.47400492578514347,False,True,False,True,False,False
727,1,2,1,0.04906228549545483,3,0,-0.22559322262067316,False,True,False,False,True,False
728,1,3,1,-0.10463740114712752,0,0,-0.4926295114327329,True,False,True,False,False,False
729,0,2,0,-0.33518693111100106,1,0,-0.12491978668775715,False,True,False,True,False,False
730,0,3,1,-0.33518693111100106,1,0,-0.4888542575852486,False,True,True,False,False,False
732,0,3,0,-1.4110847376090776,0,0,-0.2701412180209885,False,False,False,True,False,False
733,0,2,0,-0.10463740114712752,0,0,-0.6484216535389205,False,True,False,True,False,False
734,0,2,0,-0.48888661775358344,0,0,-0.3866707201133388,False,True,False,True,False,False
735,0,2,0,-0.48888661775358344,0,0,-0.3866707201133388,False,True,False,True,False,False
736,0,3,0,-0.06621247948648194,0,0,-0.32425318983493084,False,True,False,True,False,False
737,0,3,1,1.432359465278696,1,3,0.04370821849987721,False,True,False,False,True,False
739,0,3,0,-0.10463740114712752,0,0,-0.4894421904510968,False,True,False,True,False,False
740,0,3,0,-0.10463740114712752,0,0,-0.4894421904510968,False,True,False,True,False,False
741,1,1,0,-0.10463740114712752,0,0,-0.04438103794142432,False,True,False,True,False,False
744,0,3,0,-0.41203677443229225,1,0,-0.32425318983493084,False,True,False,True,False,False
745,1,3,0,0.12591212881674602,0,0,-0.4888542575852486,False,True,False,True,False,False
747,0,3,0,-1.0268355210026217,1,1,-0.24069423801061057,False,True,False,True,False,False
748,1,2,1,0.04906228549545483,0,0,-0.3866707201133388,False,True,True,False,False,False
749,0,1,0,-0.7962859910387481,1,0,0.4207302360686478,False,True,False,True,False,False
750,0,3,0,0.12591212881674602,0,0,-0.49237782784290063,True,False,False,True,False,False
751,1,2,1,-1.949033640858116,1,1,-0.18532384824750675,False,True,True,False,False,False
752,1,3,0,-1.7953339542155335,0,1,-0.397241430886295,False,True,False,False,False,False
753,0,3,0,0.27961181545932834,0,0,-0.45714212526638004,False,True,False,True,False,False
754,0,3,0,-0.48888661775358344,0,0,-0.4894421904510968,False,True,False,True,False,False
757,0,3,0,-0.10463740114712752,0,0,-0.49145565916975514,False,True,False,True,False,False
758,0,2,0,-0.8731358343600393,0,0,-0.41687275089321363,False,True,False,True,False,False
759,0,3,0,0.35646165878061953,0,0,-0.4863374216869257,False,True,False,True,False,False
761,0,3,0,-0.10463740114712752,0,0,-0.35646868933346404,False,True,False,True,False,False
762,0,3,0,0.8944105620296577,0,0,-0.5049620073345151,False,True,False,True,False,False
763,1,3,0,-0.719436147717457,0,0,-0.5028639729296732,False,False,False,True,False,False
765,0,3,0,-1.0268355210026217,0,0,-0.4918744606632361,False,True,False,True,False,False
767,0,1,0,-0.10463740114712752,0,0,0.1489119590497745,False,False,False,False,False,True
768,0,3,1,0.08748720715610042,0,0,-0.49237782784290063,True,False,True,False,False,False
769,0,3,0,-0.10463740114712752,1,0,-0.1621689579829361,True,False,False,True,False,False
770,0,3,0,0.20276197213803718,0,0,-0.4800453319411184,False,True,False,True,False,False
771,0,3,0,-0.41203677443229225,0,0,-0.45714212526638004,False,True,False,True,False,False
772,0,3,0,1.432359465278696,0,0,-0.4902797934380587,False,True,False,True,False,False
774,0,3,0,-0.10463740114712752,0,0,-0.5029485386158568,False,False,False,True,False,False
775,1,2,1,1.893458525206443,1,3,-0.18532384824750675,False,True,False,False,True,False
776,0,3,0,-0.8731358343600393,0,0,-0.49237782784290063,False,True,False,True,False,False
777,0,3,0,-0.10463740114712752,0,0,-0.49237782784290063,True,False,False,True,False,False
778,1,3,1,-1.8721837975368247,0,0,-0.397241430886295,False,True,True,False,False,False
779,0,3,0,-0.10463740114712752,0,0,-0.4926295114327329,True,False,False,True,False,False
781,1,3,1,-1.2573850509664952,0,0,-0.5028639729296732,False,False,True,False,False,False
782,1,1,1,-0.9499856776813305,1,0,0.49925551609632224,False,True,False,False,True,False
783,0,1,0,-0.027787557825836348,0,0,-0.04438103794142432,False,True,False,True,False,False
784,0,3,0,-0.10463740114712752,1,2,-0.17626323901354432,False,True,False,True,False,False
785,0,3,0,-0.33518693111100106,0,0,-0.5064721088735089,False,True,False,True,False,False
786,0,3,0,-0.33518693111100106,0,0,-0.5024451714361923,False,True,False,True,False,False
787,1,3,1,-0.8731358343600393,0,0,-0.4974960653257301,False,True,True,False,False,False
788,0,3,0,-1.6416342675729512,4,1,-0.06199888922968463,True,False,False,False,False,False
791,0,3,0,-0.10463740114712752,0,0,-0.49237782784290063,True,False,False,True,False,False
792,0,2,0,-1.0268355210026217,0,0,-0.12491978668775715,False,True,False,True,False,False
794,0,1,0,-0.10463740114712752,0,0,-0.030371322596999754,False,False,False,True,False,False
795,0,3,0,-0.33518693111100106,0,0,-0.4894421904510968,False,True,False,True,False,False
796,0,2,0,0.7407108753870755,0,0,-0.3866707201133388,False,True,False,True,False,False
797,1,1,1,1.5092093085999871,0,0,-0.1263453225405672,False,True,False,False,False,True
798,1,3,1,0.12591212881674602,0,0,-0.4735861242916626,False,True,False,False,True,False
799,0,3,0,0.04906228549545483,0,0,-0.5028639729296732,False,False,False,True,False,False
800,0,3,1,0.04906228549545483,1,1,-0.1621689579829361,False,True,False,False,True,False
801,0,2,0,0.35646165878061953,0,0,-0.3866707201133388,False,True,False,True,False,False
802,1,2,1,0.12591212881674602,1,1,-0.11988611489111134,False,True,False,False,True,False
805,1,3,0,-0.1814872444684187,0,0,-0.5079822104125026,False,True,False,True,False,False
806,0,3,0,0.12591212881674602,0,0,-0.4918744606632361,False,True,False,True,False,False
807,0,1,0,0.7407108753870755,0,0,-0.6484216535389205,False,True,False,True,False,False
808,0,3,1,-0.8731358343600393,0,0,-0.4918744606632361,False,True,True,False,False,False
809,0,2,0,0.7407108753870755,0,0,-0.3866707201133388,False,True,False,True,False,False
810,1,1,1,0.27961181545932834,1,0,0.4207302360686478,False,True,False,False,True,False
811,0,3,0,-0.2583370877897099,0,0,-0.4896093083547455,False,True,False,True,False,False
812,0,3,0,0.7407108753870755,0,0,-0.1621689579829361,False,True,False,True,False,False
813,0,2,0,0.4333115021019107,0,0,-0.43700743807979686,False,True,False,True,False,False
814,0,3,1,-1.7953339542155335,4,2,-0.01870931177853076,False,True,True,False,False,False
815,0,3,0,0.08748720715610042,0,0,-0.4863374216869257,False,True,False,True,False,False
816,0,1,0,-0.10463740114712752,0,0,-0.6484216535389205,False,True,False,True,False,False
817,0,3,1,-0.48888661775358344,0,0,-0.4888542575852486,False,True,True,False,False,False
818,0,2,0,0.12591212881674602,1,1,0.09664633805084172,False,False,False,True,False,False
819,0,3,0,1.0481102486722402,0,0,-0.5185529211854588,False,True,False,True,False,False
820,0,3,0,-1.4879345809303688,3,2,-0.08666388103324908,False,True,False,False,False,False
822,1,3,0,-0.1814872444684187,0,0,-0.47400492578514347,False,True,False,True,False,False
823,0,1,0,0.6638610320657843,0,0,-0.6484216535389205,False,True,False,False,False,True
824,1,3,1,-0.1814872444684187,0,1,-0.397241430886295,False,True,False,False,True,False
826,0,3,0,-0.10463740114712752,0,0,-0.5084855775921673,True,False,False,True,False,False
827,0,3,0,-0.10463740114712752,0,0,0.48910360681684706,False,True,False,True,False,False
829,1,3,0,-0.10463740114712752,0,0,-0.49237782784290063,True,False,False,True,False,False
831,1,3,1,-1.1036853643239128,1,0,-0.3573908580066095,False,False,False,False,True,False
833,0,3,0,-0.10463740114712752,0,0,-0.5028639729296732,False,False,False,True,False,False
834,0,3,0,-0.48888661775358344,0,0,-0.4902797934380587,False,True,False,True,False,False
835,0,3,0,-0.8731358343600393,0,0,-0.48130374989027985,False,True,False,True,False,False
837,0,3,0,-0.6425863043961658,0,0,-0.47400492578514347,False,True,False,True,False,False
838,0,3,0,-0.10463740114712752,0,0,-0.4863374216869257,False,True,False,True,False,False
839,1,3,0,0.20276197213803718,0,0,0.48910360681684706,False,True,False,True,False,False
840,1,1,0,-0.10463740114712752,0,0,-0.05042144409739929,False,False,False,True,False,False
841,0,3,0,-0.719436147717457,0,0,-0.4888542575852486,False,True,False,True,False,False
842,0,2,0,-1.0268355210026217,0,0,-0.43700743807979686,False,True,False,True,False,False
843,1,1,1,0.04906228549545483,0,0,-0.024246350754841113,False,False,True,False,False,False
844,0,3,0,0.3948865804412651,0,0,-0.5188046047752911,False,False,False,True,False,False
845,0,3,0,-0.9499856776813305,0,0,-0.47400492578514347,False,True,False,True,False,False
846,0,3,0,0.9712604053509489,0,0,-0.49640476528021726,False,True,False,True,False,False
848,0,3,0,0.4333115021019107,0,0,-0.4894421904510968,False,False,False,True,False,False
849,0,2,0,-0.10463740114712752,0,1,0.016023023618325298,False,True,False,False,False,True
851,0,3,0,-1.949033640858116,4,2,-0.01870931177853076,False,True,False,False,False,False
853,0,3,1,-1.56478442425166,1,1,-0.3414522396297103,False,False,True,False,False,False
854,1,1,1,-1.0268355210026217,0,1,0.14488502161245778,False,True,True,False,False,False
855,0,2,1,1.1249600919935314,1,0,-0.12491978668775715,False,True,False,False,True,False
856,1,3,1,-0.8731358343600393,0,1,-0.4601623283443675,False,True,False,False,True,False
858,1,1,0,1.6629089952425695,0,0,-0.11384570873513637,False,True,False,True,False,False
859,1,3,1,-0.41203677443229225,0,3,-0.26066180729354516,False,False,False,False,True,False
860,0,3,0,-0.10463740114712752,0,0,-0.5028639729296732,False,False,False,True,False,False
861,0,3,0,0.8944105620296577,2,0,-0.36435544630444866,False,True,False,True,False,False
862,0,2,0,-0.6425863043961658,1,0,-0.41687275089321363,False,True,False,True,False,False
863,1,1,1,1.432359465278696,0,0,-0.1263453225405672,False,True,False,False,True,False
865,0,2,0,-0.41203677443229225,0,0,-0.3866707201133388,False,True,False,True,False,False
866,1,2,1,0.9712604053509489,0,0,-0.3866707201133388,False,True,False,False,True,False
867,1,2,1,-0.1814872444684187,1,0,-0.3693891181010945,False,False,True,False,False,False
868,0,1,0,0.12591212881674602,0,0,0.3682954836973478,False,True,False,True,False,False
869,0,3,0,-0.10463740114712752,0,0,-0.45714212526638004,False,True,False,True,False,False
870,1,3,0,-1.949033640858116,1,1,-0.4242561406845337,False,True,False,False,False,False
871,0,3,0,-0.2583370877897099,0,0,-0.4894421904510968,False,True,False,True,False,False
872,1,1,1,1.3555096219574048,1,1,0.40974072380221066,False,True,False,False,True,False
873,0,1,0,0.27961181545932834,0,0,-0.5477482176060045,False,True,False,True,False,False
874,0,3,0,1.3555096219574048,0,0,-0.46720946885967163,False,True,False,True,False,False
875,1,2,1,-0.10463740114712752,1,0,-0.16518916106092355,False,False,False,False,True,False
876,1,3,1,-1.1036853643239128,0,0,-0.5029485386158568,False,False,True,False,False,False
877,0,3,0,-0.719436147717457,0,0,-0.45017955043725955,False,True,False,True,False,False
878,0,3,0,-0.7962859910387481,0,0,-0.4894421904510968,False,True,False,True,False,False
879,0,3,0,-0.10463740114712752,0,0,-0.4894421904510968,False,True,False,True,False,False
881,1,2,1,-0.33518693111100106,0,1,-0.12491978668775715,False,True,False,False,True,False
882,0,3,0,0.27961181545932834,0,0,-0.4894421904510968,False,True,False,True,False,False
883,0,3,1,-0.5657364610748746,0,0,-0.4366711888037809,False,True,True,False,False,False
884,0,2,0,-0.10463740114712752,0,0,-0.43700743807979686,False,True,False,True,False,False
885,0,3,0,-0.33518693111100106,0,0,-0.5064721088735089,False,True,False,True,False,False
886,0,3,1,0.7407108753870755,0,5,-0.06199888922968463,True,False,False,False,True,False
887,0,2,0,-0.1814872444684187,0,0,-0.3866707201133388,False,True,False,False,False,True
888,1,1,1,-0.7962859910387481,0,0,-0.04438103794142432,False,True,True,False,False,False
889,0,3,1,-0.10463740114712752,1,2,-0.17626323901354432,False,True,True,False,False,False
890,1,1,0,-0.2583370877897099,0,0,-0.04438103794142432,False,False,False,True,False,False
891,0,3,0,0.20276197213803718,0,0,-0.49237782784290063,True,False,False,True,False,False
